conceptId,cdmSourceAbbreviation,covariateShortName,mean1,mean2,stdDiff
40244464,IBM CCAE, ruxolitinib,0.999654178674352,0,76.035079623379
40244464,PharMetrics, ruxolitinib,0.999261311172668,0,52.0144210772319
40244464,OPTUM Extended DOD, ruxolitinib,0.99671412924425,0,24.6306042692144
40244464,AMBULATORY EMR, ruxolitinib,0.995603187688925,0,21.2808599450301
40244464,IBM MDCR, ruxolitinib,1,0,
